LOGE GAULIN,06:36,06:55,07:13,07:31,07:51,08:09,08:27,08:47,09:06,09:25,09:52,10:20,10:48,11:17,11:48,12:12,12:31,12:49,13:12,13:29,13:47,14:05,14:24,14:42,14:59,15:17,15:36,15:55,16:14,16:33,16:52,17:11,17:30,17:51,18:08,18:26,18:42,19:02,19:23,19:45,20:03
PRINTEMPS,06:29,06:47,07:04,07:22,07:43,08:01,08:18,08:38,08:58,09:17,09:45,10:13,10:41,11:10,11:41,12:00,12:24,12:42,12:59,13:22,13:40,13:57,14:16,14:34,14:51,15:05,15:28,15:47,16:06,16:25,16:44,16:58,17:22,17:39,18:00,18:18,18:30,18:55,19:11,19:38,19:56
CEZANNE,06:28,06:47,07:04,07:21,07:42,08:01,08:18,08:38,08:58,09:17,09:44,10:12,10:40,11:09,11:40,11:59,12:23,12:41,12:58,13:21,13:39,13:57,14:16,14:34,14:51,15:04,15:28,15:47,16:06,16:25,16:44,16:57,17:22,17:38,18:00,18:18,18:29,18:54,19:11,19:37,19:55
OLIGNY,06:35,06:54,07:11,07:29,07:50,08:08,08:25,08:45,09:05,09:24,09:51,10:19,10:47,11:16,11:47,12:11,12:30,12:48,13:10,13:28,13:46,14:04,14:23,14:41,14:58,15:16,15:35,15:54,16:13,16:32,16:51,17:10,17:29,17:50,18:07,18:25,18:41,19:00,19:21,19:43,20:01
BROCARD,06:15,06:29,06:43,06:57,07:17,07:37,07:57,08:17,08:35,08:53,09:11,09:30,09:49,10:16,10:45,11:14,11:43,12:12,12:36,12:55,13:13,13:36,13:54,14:12,14:30,14:48,15:06,15:24,15:42,16:01,16:20,16:39,16:58,17:17,17:36,17:55,18:15,18:32,18:49,19:04,19:22,19:42
J. D ARC,06:47,07:06,07:25,07:45,08:05,08:23,08:41,09:00,09:19,09:38,10:05,10:33,11:01,11:30,12:00,12:24,12:42,13:00,13:24,13:42,14:00,14:18,14:36,14:54,15:12,15:30,15:49,16:08,16:27,16:46,17:05,17:24,17:43,18:03,18:20,18:37,18:53,19:12,19:32,19:54,20:12
TOUR,06:13,06:27,06:41,06:55,07:14,07:34,07:54,08:14,08:32,08:50,09:09,09:28,09:47,10:14,10:42,11:11,11:40,12:09,12:33,12:52,13:10,13:33,13:51,14:09,14:27,14:45,15:03,15:21,15:39,15:58,16:17,16:36,16:55,17:14,17:33,17:52,18:12,18:29,18:46,19:01,19:20,19:40
BALTET,06:42,07:01,07:19,07:38,07:58,08:16,08:34,08:54,09:13,09:32,09:59,10:27,10:55,11:24,11:54,12:18,12:37,12:55,13:18,13:36,13:54,14:12,14:31,14:49,15:06,15:24,15:43,16:02,16:21,16:40,16:59,17:18,17:37,17:57,18:14,18:32,18:48,19:07,19:28,19:50,20:08
MAIRIE ST GERMAIN,06:30,06:48,07:05,07:23,07:44,08:02,08:19,08:39,08:59,09:18,09:46,10:14,10:42,11:11,11:42,12:00,12:25,12:43,12:59,13:23,13:41,13:58,14:17,14:35,14:52,15:05,15:29,15:48,16:07,16:26,16:45,16:58,17:23,17:39,18:01,18:19,18:30,18:56,19:12,19:39,19:56
SECURITE SOCIALE,06:15,06:30,06:44,06:57,07:17,07:37,07:57,08:17,08:35,08:53,09:12,09:31,09:50,10:17,10:45,11:14,11:43,12:12,12:36,12:55,13:13,13:36,13:54,14:12,14:30,14:48,15:06,15:24,15:42,16:01,16:20,16:39,16:59,17:18,17:37,17:55,18:15,18:32,18:49,19:04,19:23,19:43
MAUGOUT,06:43,07:02,07:20,07:39,07:59,08:17,08:35,08:55,09:14,09:33,10:00,10:28,10:56,11:25,11:55,12:19,12:38,12:56,13:19,13:37,13:55,14:13,14:32,14:50,15:07,15:25,15:44,16:03,16:22,16:41,17:00,17:19,17:38,17:58,18:15,18:33,18:49,19:08,19:28,19:50,20:08
CHAMPS DE LA LOGE,06:16,06:31,06:45,06:58,07:18,07:38,07:58,08:18,08:36,08:54,09:13,09:32,09:51,10:18,10:46,11:15,11:44,12:13,12:37,12:56,13:14,13:37,13:55,14:13,14:31,14:49,15:07,15:25,15:43,16:02,16:21,16:40,17:00,17:19,17:38,17:56,18:16,18:33,18:50,19:05,19:24,19:44
HALLE,06:12,06:26,06:40,06:54,07:13,07:33,07:53,08:13,08:31,08:49,09:08,09:27,09:46,10:13,10:41,11:10,11:39,12:08,12:32,12:51,13:09,13:32,13:50,14:08,14:26,14:44,15:02,15:20,15:38,15:57,16:16,16:35,16:54,17:13,17:32,17:51,18:11,18:28,18:45,19:00,19:19,19:39,20:00,20:18
ETANGS DE FOUCHY,06:18,06:33,06:47,07:01,07:22,07:42,08:02,08:22,08:40,08:58,09:16,09:35,09:54,10:21,10:50,11:19,11:48,12:17,12:41,13:00,13:18,13:41,13:59,14:17,14:35,14:53,15:11,15:29,15:47,16:06,16:25,16:44,17:04,17:23,17:42,18:00,18:20,18:37,18:54,19:09,19:27,19:47
JAURES,06:49,07:08,07:27,07:47,08:07,08:25,08:43,09:02,09:21,09:40,10:07,10:35,11:03,11:32,12:02,12:26,12:44,13:02,13:26,13:44,14:02,14:20,14:38,14:56,15:14,15:32,15:51,16:10,16:29,16:48,17:07,17:26,17:45,18:05,18:22,18:39,18:55,19:14,19:34,19:56,20:14
GARE PATTON,06:48,07:07,07:26,07:46,08:06,08:24,08:42,09:01,09:20,09:39,10:06,10:34,11:02,11:31,12:01,12:25,12:43,13:01,13:25,13:43,14:01,14:19,14:37,14:55,15:13,15:31,15:50,16:09,16:28,16:47,17:06,17:25,17:44,18:04,18:21,18:38,18:54,19:13,19:33,19:55,20:13
THEATRE DE CHAMP.,06:12,06:26,06:40,06:54,07:13,07:33,07:53,08:13,08:31,08:49,09:08,09:27,09:46,10:13,10:41,11:10,11:39,12:08,12:32,12:51,13:09,13:32,13:50,14:08,14:26,14:44,15:02,15:20,15:38,15:57,16:16,16:35,16:54,17:13,17:32,17:51,18:11,18:28,18:45,19:00,19:19,19:39
MAITROT,06:41,07:00,07:18,07:37,07:57,08:15,08:33,08:53,09:12,09:31,09:58,10:26,10:54,11:23,11:53,12:17,12:36,12:54,13:17,13:35,13:53,14:11,14:30,14:48,15:05,15:23,15:42,16:01,16:20,16:39,16:58,17:17,17:36,17:56,18:13,18:31,18:47,19:06,19:27,19:49,20:07
MARAIS,06:30,06:49,07:06,07:23,07:44,08:03,08:20,08:40,09:00,09:19,09:46,10:14,10:42,11:11,11:42,12:01,12:25,12:43,13:00,13:23,13:41,13:59,14:18,14:36,14:53,15:06,15:30,15:49,16:08,16:27,16:46,16:59,17:24,17:40,18:02,18:20,18:31,18:56,19:13,19:39,19:57
PERRIERES,06:33,06:52,07:09,07:27,07:48,08:06,08:23,08:43,09:03,09:22,09:49,10:17,10:45,11:14,11:45,12:09,12:28,12:46,13:08,13:26,13:44,14:02,14:21,14:39,14:56,15:14,15:33,15:52,16:11,16:30,16:49,17:08,17:27,17:48,18:05,18:23,18:39,18:59,19:20,19:42,20:00
COMTE,06:34,06:53,07:10,07:28,07:49,08:07,08:24,08:44,09:04,09:23,09:50,10:18,10:46,11:15,11:46,12:10,12:29,12:47,13:09,13:27,13:45,14:03,14:22,14:40,14:57,15:15,15:34,15:53,16:12,16:31,16:50,17:09,17:28,17:49,18:06,18:24,18:40,19:00,19:21,19:43,20:01
DEMI LUNE,06:16,06:31,06:45,06:58,07:18,07:38,07:58,08:18,08:36,08:54,09:12,09:31,09:50,10:17,10:46,11:15,11:44,12:13,12:37,12:56,13:14,13:37,13:55,14:13,14:31,14:49,15:07,15:25,15:43,16:02,16:21,16:40,17:00,17:19,17:38,17:56,18:16,18:33,18:50,19:05,19:23,19:43
DIGUE DE FOUCHY,06:17,06:32,06:46,07:00,07:21,07:41,08:01,08:21,08:39,08:57,09:15,09:34,09:53,10:20,10:49,11:18,11:47,12:16,12:40,12:59,13:17,13:40,13:58,14:16,14:34,14:52,15:10,15:28,15:46,16:05,16:24,16:43,17:03,17:22,17:41,17:59,18:19,18:36,18:53,19:08,19:26,19:46
BILLOTTE,06:14,06:28,06:42,06:56,07:16,07:36,07:56,08:16,08:34,08:52,09:10,09:29,09:48,10:15,10:44,11:13,11:42,12:11,12:35,12:54,13:12,13:35,13:53,14:11,14:29,14:47,15:05,15:23,15:41,16:00,16:19,16:38,16:57,17:16,17:35,17:54,18:14,18:31,18:48,19:03,19:21,19:41
FOUCHY,06:19,06:34,06:48,07:02,07:23,07:43,08:03,08:23,08:41,08:59,09:17,09:36,09:55,10:22,10:51,11:20,11:50,12:19,12:43,13:02,13:20,13:43,14:00,14:18,14:36,14:54,15:12,15:30,15:48,16:08,16:27,16:46,17:06,17:25,17:44,18:02,18:22,18:39,18:55,19:10,19:28,19:48
DUFY,06:28,06:46,07:03,07:20,07:41,08:00,08:17,08:37,08:57,09:16,09:44,10:12,10:40,11:09,11:40,11:59,12:23,12:41,12:58,13:21,13:39,13:56,14:15,14:33,14:50,15:04,15:27,15:46,16:05,16:24,16:43,16:57,17:21,17:38,17:59,18:17,18:29,18:54,19:10,19:37,19:54
TILLEULS,06:44,07:03,07:22,07:41,08:01,08:19,08:37,08:57,09:16,09:35,10:02,10:30,10:58,11:27,11:57,12:21,12:39,12:57,13:21,13:39,13:57,14:15,14:33,14:51,15:09,15:27,15:46,16:05,16:24,16:43,17:02,17:21,17:40,18:00,18:17,18:34,18:50,19:09,19:30,19:52,20:10
MEDERIC,06:39,06:58,07:16,07:35,07:55,08:13,08:31,08:51,09:10,09:29,09:56,10:24,10:52,11:21,11:51,12:15,12:34,12:52,13:15,13:33,13:51,14:09,14:28,14:46,15:03,15:21,15:40,15:59,16:18,16:37,16:56,17:15,17:34,17:54,18:11,18:29,18:45,19:04,19:25,19:47,20:05
PAPIN,12:04,12:07,13:03,13:06,15:09,15:12,17:02,17:06,17:43,17:46,18:34,18:37,19:15,19:18
TAMARIS,06:14,06:29,06:43,06:56,07:16,07:36,07:56,08:16,08:34,08:52,09:11,09:30,09:49,10:16,10:44,11:13,11:42,12:11,12:35,12:54,13:12,13:35,13:53,14:11,14:29,14:47,15:05,15:23,15:41,16:00,16:19,16:38,16:58,17:17,17:36,17:54,18:14,18:31,18:48,19:03,19:22,19:42
ANTES,06:38,06:57,07:15,07:33,07:53,08:11,08:29,08:49,09:08,09:27,09:54,10:22,10:50,11:19,11:50,12:14,12:33,12:51,13:14,13:31,13:49,14:07,14:26,14:44,15:01,15:19,15:38,15:57,16:16,16:35,16:54,17:13,17:32,17:53,18:10,18:28,18:44,19:03,19:24,19:46,20:04
PITUITES,06:33,06:52,07:10,07:28,07:48,08:06,08:24,08:44,09:03,09:22,09:49,10:17,10:45,11:14,11:45,12:09,12:28,12:46,13:09,13:26,13:44,14:02,14:21,14:39,14:56,15:14,15:33,15:52,16:11,16:30,16:49,17:08,17:27,17:48,18:05,18:23,18:39,18:59,19:20,19:42,20:00
ZI PIVOISONS,12:06,13:05,15:11,17:05,17:45,18:36,19:17
JACQUIN,06:13,06:28,06:42,06:55,07:15,07:35,07:55,08:15,08:33,08:51,09:10,09:29,09:48,10:15,10:43,11:12,11:41,12:10,12:34,12:53,13:11,13:34,13:52,14:10,14:28,14:46,15:04,15:22,15:40,15:59,16:18,16:37,16:56,17:15,17:34,17:53,18:13,18:30,18:47,19:02,19:21,19:41
DIDIER,06:45,07:04,07:23,07:43,08:03,08:21,08:39,08:58,09:17,09:36,10:03,10:31,10:59,11:28,11:58,12:22,12:40,12:58,13:22,13:40,13:58,14:16,14:34,14:52,15:10,15:28,15:47,16:06,16:25,16:44,17:03,17:22,17:41,18:01,18:18,18:35,18:51,19:10,19:31,19:53,20:11
ST GERMAIN COURC.,06:27,06:45,07:02,07:19,07:40,07:59,08:16,08:36,08:56,09:15,09:43,10:11,10:39,11:08,11:39,11:58,12:22,12:40,12:57,13:20,13:38,13:55,14:14,14:32,14:49,15:03,15:26,15:45,16:04,16:23,16:42,16:56,17:20,17:37,17:58,18:16,18:28,18:53,19:10,19:36,19:54
SAUSSIER,06:51,07:10,07:30,07:50,08:10,08:28,08:46,09:05,09:24,09:43,10:10,10:38,11:06,11:35,12:05,12:29,12:47,13:05,13:29,13:47,14:05,14:23,14:41,14:59,15:17,15:35,15:54,16:13,16:32,16:51,17:10,17:29,17:48,18:08,18:25,18:42,18:57,19:16,19:36,19:58,20:16
PONT DE L ARCHE,06:31,06:50,07:07,07:24,07:45,08:04,08:21,08:41,09:01,09:20,09:47,10:15,10:43,11:12,11:43,12:02,12:26,12:44,13:01,13:24,13:42,14:00,14:19,14:37,14:54,15:07,15:31,15:50,16:09,16:28,16:47,17:00,17:25,17:41,18:03,18:21,18:32,18:57,19:13,19:40,19:57
C CIAL ST ANDRE,06:40,06:59,07:17,07:35,07:55,08:13,08:31,08:51,09:10,09:29,09:56,10:24,10:52,11:21,11:52,12:16,12:35,12:53,13:16,13:33,13:51,14:09,14:28,14:46,15:03,15:21,15:40,15:59,16:18,16:37,16:56,17:15,17:34,17:55,18:12,18:30,18:46,19:05,19:26,19:48,20:06
