PONT HUBERT,06:04,06:21,06:37,06:52,07:06,07:22,07:38,07:54,08:11,08:29,08:46,09:04,09:21,09:38,09:55,10:13,10:31,10:48,11:06,11:24,11:42,12:00,12:18,12:36,12:54,13:12,13:30,13:48,14:07,14:25,14:43,15:01,15:19,15:37,15:52,16:07,16:23,16:39,16:55,17:10,17:20,17:40,17:58,18:16,18:34,18:52,19:10,19:28,19:47,20:04,20:21,20:47,21:12
FRANCE,05:57,06:14,06:30,06:45,06:59,07:15,07:31,07:47,08:04,08:22,08:39,08:57,09:14,09:31,09:48,10:06,10:23,10:40,10:58,11:16,11:34,11:52,12:09,12:27,12:45,13:04,13:22,13:39,13:58,14:16,14:34,14:52,15:10,15:28,15:43,15:58,16:13,16:29,16:45,17:00,17:10,17:30,17:48,18:07,18:26,18:44,19:02,19:20,19:39,19:57,20:14,20:41,21:06
DEBUSSY,06:02,06:19,06:35,06:50,07:04,07:20,07:36,07:52,08:09,08:27,08:44,09:02,09:19,09:36,09:53,10:11,10:29,10:46,11:04,11:22,11:40,11:58,12:15,12:33,12:51,13:10,13:28,13:45,14:04,14:22,14:40,14:58,15:16,15:34,15:49,16:04,16:20,16:36,16:52,17:07,17:17,17:37,17:55,18:13,18:32,18:50,19:08,19:26,19:45,20:02,20:19,20:46,21:11
PARC GRAND TROYES,06:15,06:51,07:25,07:56,08:30,09:04,09:40,10:15,10:50,11:25,12:01,12:37,13:12,13:48,14:26,15:03,15:39,16:15,16:45,17:19,17:50,18:20,18:54,19:28,20:02,20:53
BARBUSSE,05:33,05:51,06:10,06:27,06:43,06:58,07:12,07:28,07:44,08:01,08:18,08:36,08:53,09:11,09:28,09:45,10:02,10:20,10:38,10:55,11:13,11:31,11:49,12:07,12:25,12:43,13:01,13:19,13:37,13:55,14:14,14:32,14:50,15:08,15:26,15:44,15:59,16:14,16:30,16:46,17:02,17:17,17:27,17:47,18:05,18:23,18:41,18:59,19:17,19:35,19:53,20:10,20:27,20:51,21:16
CHURCHILL,06:13,06:49,07:22,07:53,08:27,09:01,09:37,10:12,10:47,11:22,11:58,12:34,13:09,13:45,14:23,15:00,15:36,16:12,16:42,17:16,17:47,18:17,18:52,19:26,20:00,20:51
JAFFIOL,06:03,06:20,06:36,06:51,07:05,07:21,07:37,07:54,08:11,08:29,08:46,09:04,09:21,09:38,09:55,10:13,10:31,10:48,11:06,11:24,11:42,12:00,12:17,12:35,12:53,13:12,13:30,13:47,14:06,14:24,14:42,15:00,15:18,15:36,15:51,16:06,16:22,16:38,16:54,17:09,17:19,17:39,17:57,18:15,18:34,18:52,19:10,19:28,19:46,20:03,20:20,20:47,21:12
KELLER,06:00,06:17,06:33,06:48,07:02,07:18,07:34,07:50,08:07,08:25,08:42,09:00,09:17,09:34,09:51,10:09,10:27,10:44,11:02,11:20,11:38,11:56,12:13,12:31,12:49,13:08,13:26,13:43,14:02,14:20,14:38,14:56,15:14,15:32,15:47,16:02,16:18,16:34,16:50,17:05,17:15,17:35,17:53,18:11,18:30,18:48,19:06,19:24,19:43,20:00,20:17,20:44,21:09
PALAIS DE JUSTICE,05:42,06:00,06:18,06:35,06:51,07:07,07:21,07:37,07:53,08:10,08:27,08:45,09:03,09:21,09:38,09:55,10:12,10:30,10:48,11:05,11:23,11:41,11:59,12:17,12:35,12:53,13:11,13:29,13:47,14:06,14:25,14:43,15:01,15:19,15:37,15:55,16:10,16:25,16:41,16:57,17:13,17:28,17:38,17:58,18:16,18:34,18:52,19:09,19:27,19:45,20:02,20:19,20:36
DANTON,05:59,06:16,06:32,06:47,07:01,07:17,07:33,07:49,08:06,08:24,08:41,08:59,09:16,09:33,09:50,10:08,10:25,10:42,11:00,11:18,11:36,11:54,12:11,12:29,12:47,13:06,13:24,13:41,14:00,14:18,14:36,14:54,15:12,15:30,15:45,16:00,16:16,16:32,16:48,17:03,17:13,17:33,17:51,18:09,18:28,18:46,19:04,19:22,19:41,19:59,20:16,20:43,21:08
HALLE,05:41,05:59,06:17,06:34,06:50,07:06,07:20,07:36,07:52,08:09,08:26,08:44,09:02,09:20,09:37,09:54,10:11,10:29,10:47,11:04,11:22,11:40,11:58,12:16,12:34,12:52,13:10,13:28,13:46,14:05,14:24,14:42,15:00,15:18,15:36,15:54,16:09,16:24,16:40,16:56,17:12,17:27,17:37,17:57,18:15,18:33,18:51,19:08,19:26,19:44,20:01,20:18,20:35,20:58,21:23
COURTALON,05:44,06:02,06:20,06:38,06:54,07:10,07:24,07:40,07:56,08:13,08:30,08:48,09:06,09:24,09:41,09:58,10:15,10:33,10:51,11:08,11:26,11:44,12:02,12:20,12:38,12:56,13:14,13:32,13:50,14:09,14:28,14:46,15:04,15:22,15:40,15:58,16:13,16:28,16:44,17:00,17:16,17:31,17:41,18:01,18:19,18:37,18:55,19:12,19:30,19:48,20:05,20:22,20:39
LEMASSON,06:01,06:18,06:34,06:49,07:03,07:19,07:35,07:51,08:08,08:26,08:43,09:01,09:18,09:35,09:52,10:10,10:28,10:45,11:03,11:21,11:39,11:57,12:14,12:32,12:50,13:09,13:27,13:44,14:03,14:21,14:39,14:57,15:15,15:33,15:48,16:03,16:19,16:35,16:51,17:06,17:16,17:36,17:54,18:12,18:31,18:49,19:07,19:25,19:44,20:01,20:18,20:45,21:10
PITHOU,05:38,05:56,06:15,06:32,06:48,07:04,07:18,07:34,07:50,08:07,08:24,08:42,09:00,09:18,09:35,09:52,10:09,10:27,10:45,11:02,11:20,11:38,11:56,12:14,12:32,12:50,13:08,13:26,13:44,14:03,14:22,14:40,14:58,15:16,15:34,15:52,16:07,16:22,16:38,16:54,17:10,17:25,17:35,17:55,18:13,18:31,18:49,19:06,19:24,19:42,19:59,20:16,20:33,20:56,21:21
CROIX LA MOTTE,06:12,06:48,07:21,07:52,08:26,09:00,09:36,10:11,10:46,11:21,11:57,12:33,13:08,13:44,14:22,14:59,15:35,16:11,16:41,17:15,17:46,18:16,18:51,19:25,19:59,20:50
BUCK,05:53,06:29,07:04,07:34,08:07,08:42,09:18,09:53,10:28,11:04,11:39,12:15,12:50,13:26,14:03,14:41,15:17,15:53,16:26,16:59,17:31,17:56,18:34,19:08,19:42,20:15,20:32
HUGO,05:57,06:33,07:08,07:38,08:12,08:47,09:22,09:57,10:32,11:08,11:43,12:19,12:54,13:30,14:08,14:46,15:22,15:58,16:31,17:04,17:36,18:01,18:39,19:13,19:46,20:19,20:36
CHANTELOUP,05:47,06:05,06:23,06:41,06:57,07:13,07:27,07:43,07:59,08:17,08:34,08:52,09:10,09:28,09:45,10:03,10:20,10:38,10:56,11:13,11:31,11:49,12:07,12:25,12:42,13:00,13:18,13:36,13:55,14:14,14:33,14:51,15:09,15:27,15:45,16:03,16:18,16:33,16:50,17:06,17:22,17:37,17:47,18:07,18:25,18:43,19:00,19:17,19:34,19:51,20:08,20:25,20:42
DOLET,05:54,06:30,07:05,07:35,08:08,08:43,09:19,09:54,10:29,11:05,11:40,12:16,12:51,13:27,14:04,14:42,15:18,15:54,16:27,17:00,17:32,17:57,18:35,19:09,19:43,20:16,20:33
QUATRE VENTS,05:57,06:14,06:30,06:45,06:59,07:15,07:31,07:47,08:04,08:22,08:39,08:57,09:14,09:31,09:48,10:06,10:24,10:41,10:59,11:17,11:35,11:53,12:10,12:28,12:46,13:05,13:23,13:40,13:59,14:17,14:35,14:53,15:11,15:29,15:44,15:59,16:14,16:30,16:46,17:01,17:11,17:31,17:49,18:08,18:27,18:45,19:03,19:21,19:40,19:57,20:14,20:41,21:06
GARE CARNOT,05:44,06:02,06:20,06:37,06:53,07:09,07:23,07:39,07:55,08:12,08:29,08:47,09:05,09:23,09:40,09:57,10:14,10:32,10:50,11:07,11:25,11:43,12:01,12:19,12:37,12:55,13:13,13:31,13:49,14:08,14:27,14:45,15:03,15:21,15:39,15:57,16:12,16:27,16:43,16:59,17:15,17:30,17:40,18:00,18:18,18:36,18:54,19:11,19:29,19:47,20:04,20:21,20:38
SIMART,05:35,05:53,06:12,06:29,06:45,07:00,07:14,07:30,07:46,08:03,08:20,08:38,08:56,09:14,09:31,09:48,10:05,10:23,10:41,10:58,11:16,11:34,11:52,12:10,12:28,12:46,13:04,13:22,13:40,13:58,14:17,14:35,14:53,15:11,15:29,15:47,16:02,16:17,16:33,16:49,17:05,17:20,17:30,17:50,18:08,18:26,18:44,19:02,19:20,19:38,19:55,20:12,20:29,20:53,21:18
CARNOT,05:53,06:11,06:29,06:47,07:03,07:20,07:33,07:51,08:06,08:25,08:41,08:59,09:17,09:35,09:52,10:10,10:27,10:45,11:03,11:20,11:38,11:56,12:14,12:32,12:49,13:07,13:25,13:43,14:02,14:21,14:40,14:58,15:16,15:34,15:52,16:10,16:25,16:40,16:58,17:14,17:30,17:45,17:55,18:15,18:33,18:50,19:07,19:24,19:41,19:58,20:15,20:32,20:49
HAUVY,05:46,06:04,06:22,06:39,06:55,07:11,07:25,07:42,07:58,08:15,08:32,08:50,09:08,09:26,09:43,10:01,10:18,10:36,10:54,11:11,11:29,11:47,12:05,12:23,12:40,12:58,13:16,13:34,13:53,14:12,14:31,14:49,15:07,15:25,15:43,16:01,16:16,16:31,16:47,17:03,17:19,17:34,17:44,18:04,18:22,18:40,18:58,19:15,19:32,19:50,20:07,20:24,20:41
CUVIER,05:48,06:06,06:24,06:42,06:58,07:14,07:28,07:45,08:01,08:19,08:36,08:54,09:12,09:30,09:47,10:05,10:22,10:40,10:58,11:15,11:33,11:51,12:09,12:27,12:44,13:02,13:20,13:38,13:57,14:16,14:35,14:53,15:11,15:29,15:47,16:05,16:20,16:35,16:52,17:08,17:24,17:39,17:49,18:09,18:27,18:45,19:02,19:19,19:36,19:53,20:10,20:27,20:44
KLEBER,05:34,05:52,06:11,06:28,06:44,06:59,07:13,07:29,07:45,08:02,08:19,08:37,08:54,09:12,09:29,09:46,10:03,10:21,10:39,10:56,11:14,11:32,11:50,12:08,12:26,12:44,13:02,13:20,13:38,13:56,14:15,14:33,14:51,15:09,15:27,15:45,16:00,16:15,16:31,16:47,17:03,17:18,17:28,17:48,18:06,18:24,18:42,19:00,19:18,19:36,19:54,20:11,20:28,20:52,21:17
MAGASINS,05:59,06:16,06:32,06:47,07:01,07:17,07:33,07:49,08:06,08:24,08:41,08:59,09:16,09:33,09:50,10:08,10:26,10:43,11:01,11:19,11:37,11:55,12:12,12:30,12:48,13:07,13:25,13:42,14:01,14:19,14:37,14:55,15:13,15:31,15:46,16:01,16:17,16:33,16:49,17:04,17:14,17:34,17:52,18:10,18:29,18:47,19:05,19:23,19:42,19:59,20:16,20:43,21:08
11 NOVEMBRE,05:45,06:03,06:21,06:38,06:54,07:10,07:24,07:41,07:57,08:14,08:31,08:49,09:07,09:25,09:42,09:59,10:16,10:34,10:52,11:09,11:27,11:45,12:03,12:21,12:39,12:57,13:15,13:33,13:51,14:10,14:29,14:47,15:05,15:23,15:41,15:59,16:14,16:29,16:46,17:02,17:18,17:33,17:43,18:03,18:21,18:39,18:56,19:13,19:31,19:49,20:06,20:23,20:40
STADE AUBE CAMPING,06:06,06:23,06:39,06:54,07:08,07:24,07:40,07:56,08:13,08:31,08:48,09:06,09:23,09:40,09:57,10:15,10:33,10:50,11:08,11:26,11:44,12:02,12:20,12:38,12:56,13:14,13:32,13:50,14:09,14:27,14:45,15:03,15:21,15:39,15:54,16:09,16:25,16:41,16:57,17:12,17:22,17:42,18:00,18:18,18:36,18:54,19:12,19:30,19:49,20:06,20:23,20:49,21:14
BERGER,05:58,06:15,06:31,06:46,07:00,07:16,07:32,07:48,08:05,08:23,08:40,08:58,09:15,09:32,09:49,10:07,10:24,10:41,10:59,11:17,11:35,11:53,12:10,12:28,12:46,13:05,13:23,13:40,13:59,14:17,14:35,14:53,15:11,15:29,15:44,15:59,16:15,16:31,16:47,17:02,17:12,17:32,17:50,18:08,18:27,18:45,19:03,19:21,19:40,19:58,20:15,20:42,21:07
RODIN,05:55,06:31,07:05,07:35,08:09,08:44,09:19,09:54,10:29,11:05,11:40,12:16,12:51,13:27,14:05,14:43,15:19,15:55,16:28,17:01,17:33,17:58,18:36,19:10,19:43,20:17,20:34
MAIL DE L EUROPE,06:13,06:49,07:23,07:54,08:28,09:02,09:38,10:13,10:48,11:23,11:59,12:35,13:10,13:46,14:24,15:01,15:37,16:13,16:43,17:17,17:48,18:18,18:52,19:26,20:00,20:51
MOINES,05:33,05:51,06:09,06:26,06:42,06:57,07:11,07:27,07:43,08:00,08:17,08:35,08:52,09:10,09:27,09:44,10:01,10:19,10:37,10:54,11:12,11:30,11:48,12:06,12:24,12:42,13:00,13:18,13:36,13:54,14:13,14:31,14:49,15:07,15:25,15:43,15:58,16:13,16:29,16:45,17:01,17:16,17:26,17:46,18:04,18:22,18:40,18:58,19:16,19:34,19:52,20:09,20:26,20:51,21:16
MOULINET,06:03,06:20,06:36,06:51,07:05,07:21,07:37,07:53,08:10,08:28,08:45,09:03,09:20,09:37,09:54,10:12,10:30,10:47,11:05,11:23,11:41,11:59,12:16,12:34,12:52,13:11,13:29,13:46,14:05,14:23,14:41,14:59,15:17,15:35,15:50,16:05,16:21,16:37,16:53,17:08,17:18,17:38,17:56,18:14,18:33,18:51,19:09,19:27,19:46,20:03,20:20,20:46,21:11
STADE ARBOUIN,06:07,06:24,06:40,06:55,07:09,07:25,07:41,07:57,08:14,08:32,08:49,09:07,09:24,09:41,09:58,10:16,10:34,10:51,11:09,11:27,11:45,12:03,12:21,12:39,12:57,13:15,13:33,13:51,14:10,14:28,14:46,15:04,15:22,15:40,15:55,16:10,16:26,16:42,16:58,17:13,17:23,17:43,18:01,18:19,18:37,18:55,19:13,19:31,19:50,20:07,20:24,20:49,21:14
MALADIERE,05:52,06:10,06:28,06:46,07:02,07:18,07:32,07:49,08:05,08:23,08:40,08:58,09:16,09:34,09:51,10:09,10:26,10:44,11:02,11:19,11:37,11:55,12:13,12:31,12:48,13:06,13:24,13:42,14:01,14:20,14:39,14:57,15:15,15:33,15:51,16:09,16:24,16:39,16:57,17:13,17:29,17:44,17:54,18:14,18:32,18:49,19:06,19:23,19:40,19:57,20:14,20:31,20:48
RESIDENCES,05:56,06:32,07:07,07:37,08:11,08:46,09:21,09:56,10:31,11:07,11:42,12:18,12:53,13:29,14:07,14:45,15:21,15:57,16:30,17:03,17:35,18:00,18:38,19:12,19:45,20:18,20:35
EUROPE,05:31,05:49,06:08,06:25,06:41,06:56,07:10,07:26,07:42,07:59,08:16,08:34,08:51,09:09,09:26,09:43,10:00,10:18,10:36,10:53,11:11,11:29,11:47,12:05,12:22,12:40,12:58,13:17,13:35,13:52,14:11,14:29,14:47,15:05,15:23,15:41,15:56,16:11,16:27,16:43,16:59,17:14,17:24,17:44,18:02,18:20,18:39,18:57,19:15,19:33,19:51,20:08,20:25,20:50,21:15
NUNGESSER,05:50,06:08,06:26,06:44,07:00,07:16,07:30,07:47,08:03,08:21,08:38,08:56,09:14,09:32,09:49,10:07,10:24,10:42,11:00,11:17,11:35,11:53,12:11,12:29,12:46,13:04,13:22,13:40,13:59,14:18,14:37,14:55,15:13,15:31,15:49,16:07,16:22,16:37,16:54,17:10,17:26,17:41,17:51,18:11,18:29,18:47,19:04,19:21,19:38,19:55,20:12,20:29,20:46
CATHEDRALE,05:36,05:54,06:13,06:30,06:46,07:01,07:15,07:31,07:47,08:04,08:21,08:39,08:57,09:15,09:32,09:49,10:06,10:24,10:42,10:59,11:17,11:35,11:53,12:11,12:29,12:47,13:05,13:23,13:41,13:59,14:18,14:36,14:54,15:12,15:30,15:48,16:03,16:18,16:34,16:50,17:06,17:21,17:31,17:51,18:09,18:27,18:45,19:03,19:21,19:39,19:56,20:13,20:30,20:54,21:19
P. STE MARIE EUREKA,05:56,06:13,06:29,06:44,06:58,07:14,07:30,07:46,08:03,08:21,08:38,08:56,09:13,09:30,09:47,10:05,10:22,10:39,10:57,11:15,11:33,11:51,12:08,12:26,12:44,13:03,13:21,13:38,13:57,14:15,14:33,14:51,15:09,15:27,15:42,15:57,16:12,16:28,16:44,16:59,17:09,17:29,17:47,18:06,18:25,18:43,19:01,19:19,19:38,19:56,20:13,20:40,21:05
COHEN,05:55,06:31,07:06,07:36,08:10,08:45,09:20,09:55,10:30,11:06,11:41,12:17,12:52,13:28,14:06,14:44,15:20,15:56,16:29,17:02,17:34,17:59,18:37,19:11,19:44,20:17,20:34
TROIS GATEAUX,05:52,06:10,06:28,06:46,07:02,07:18,07:32,07:49,08:05,08:23,08:40,08:58,09:16,09:34,09:51,10:09,10:26,10:44,11:02,11:19,11:37,11:55,12:13,12:31,12:48,13:06,13:24,13:42,14:01,14:20,14:39,14:57,15:15,15:33,15:51,16:09,16:24,16:39,16:57,17:13,17:29,17:44,17:54,18:14,18:32,18:49,19:06,19:23,19:40,19:57,20:14,20:31,20:48
FERRY,05:46,06:04,06:22,06:40,06:56,07:12,07:26,07:43,07:59,08:16,08:33,08:51,09:09,09:27,09:44,10:02,10:19,10:37,10:55,11:12,11:30,11:48,12:06,12:24,12:41,12:59,13:17,13:35,13:54,14:13,14:32,14:50,15:08,15:26,15:44,16:02,16:17,16:32,16:49,17:05,17:21,17:36,17:46,18:06,18:24,18:42,18:59,19:16,19:33,19:51,20:08,20:25,20:42
DE COUBERTIN,05:57,06:33,07:07,07:37,08:11,08:46,09:21,09:56,10:31,11:07,11:42,12:18,12:53,13:29,14:07,14:45,15:21,15:57,16:30,17:03,17:35,18:00,18:38,19:12,19:45,20:19,20:36
GARE VOLTAIRE,05:44,06:02,06:20,06:37,06:53,07:09,07:23,07:39,07:55,08:12,08:29,08:47,09:05,09:23,09:40,09:57,10:14,10:32,10:50,11:07,11:25,11:43,12:01,12:19,12:37,12:55,13:13,13:31,13:49,14:08,14:27,14:45,15:03,15:21,15:39,15:57,16:12,16:27,16:43,16:59,17:15,17:30,17:40,18:00,18:18,18:36,18:54,19:11,19:29,19:47,20:04,20:21,20:38
PLAINE DES GARDES,05:49,06:07,06:25,06:43,06:59,07:15,07:29,07:46,08:02,08:20,08:37,08:55,09:13,09:31,09:48,10:06,10:23,10:41,10:59,11:16,11:34,11:52,12:10,12:28,12:45,13:03,13:21,13:39,13:58,14:17,14:36,14:54,15:12,15:30,15:48,16:06,16:21,16:36,16:53,17:09,17:25,17:40,17:50,18:10,18:28,18:46,19:03,19:20,19:37,19:54,20:11,20:28,20:45
CITE,05:37,05:55,06:14,06:31,06:47,07:03,07:17,07:33,07:49,08:06,08:23,08:41,08:58,09:16,09:33,09:50,10:07,10:25,10:43,11:00,11:18,11:36,11:54,12:12,12:30,12:48,13:06,13:24,13:42,14:01,14:20,14:38,14:56,15:14,15:32,15:50,16:05,16:20,16:36,16:52,17:08,17:23,17:33,17:53,18:11,18:29,18:47,19:04,19:22,19:40,19:58,20:15,20:32,20:55,21:20
CENTRE ADMINIST.,05:58,06:34,07:09,07:39,08:13,08:48,09:23,09:58,10:33,11:09,11:44,12:20,12:55,13:31,14:09,14:47,15:23,15:59,16:32,17:05,17:37,18:02,18:40,19:14,19:47,20:20,20:37
