MASSON,05:48,06:09,06:30,06:49,07:02,07:15,07:32,07:43,07:57,08:12,08:27,08:43,08:58,09:13,09:29,09:45,10:01,10:17,10:33,10:49,11:05,11:21,11:37,11:54,12:10,12:26,12:43,12:59,13:12,13:27,13:45,14:01,14:17,14:33,14:50,15:08,15:25,15:42,15:59,16:15,16:31,16:47,17:03,17:19,17:35,17:52,18:09,18:25,18:41,18:57,19:13,19:27,19:42,19:57,20:20,20:35,20:51
ST MARTIN,06:13,06:32,06:57,07:13,07:35,07:50,08:05,08:20,08:34,08:49,09:05,09:21,09:37,09:53,10:09,10:25,10:41,10:57,11:13,11:29,11:45,12:01,12:17,12:33,12:48,13:03,13:19,13:35,13:51,14:08,14:25,14:42,14:59,15:16,15:33,15:49,16:04,16:20,16:37,16:53,17:09,17:26,17:43,18:00,18:16,18:32,18:48,19:05,19:21,19:36,19:47,19:59,20:14,20:30,20:47,21:06
LACOSTE,06:11,06:30,06:55,07:11,07:33,07:48,08:03,08:18,08:31,08:46,09:02,09:18,09:34,09:50,10:06,10:22,10:38,10:54,11:10,11:26,11:42,11:58,12:14,12:30,12:45,13:00,13:16,13:32,13:48,14:05,14:22,14:39,14:56,15:13,15:30,15:46,16:02,16:18,16:34,16:51,17:07,17:23,17:40,17:57,18:13,18:29,18:45,19:03,19:19,19:34,19:45,19:57,20:12,20:28,20:46,21:05
GARE PERIER,06:16,06:35,07:00,07:16,07:38,07:53,08:08,08:23,08:37,08:52,09:08,09:24,09:40,09:56,10:12,10:28,10:44,11:00,11:16,11:32,11:48,12:04,12:20,12:36,12:51,13:06,13:22,13:38,13:54,14:11,14:28,14:45,15:02,15:19,15:36,15:52,16:08,16:24,16:40,16:57,17:13,17:29,17:46,18:03,18:19,18:35,18:51,19:08,19:24,19:39,19:50,20:02,20:17,20:33,20:50,21:08
RENOIR,06:00,06:19,06:44,07:00,07:21,07:36,07:51,08:06,08:18,08:33,08:49,09:05,09:21,09:37,09:53,10:09,10:25,10:41,10:57,11:13,11:29,11:45,12:01,12:17,12:32,12:47,13:03,13:19,13:35,13:51,14:08,14:25,14:42,14:59,15:16,15:32,15:47,16:03,16:20,16:38,16:54,17:10,17:27,17:44,18:00,18:16,18:32,18:50,19:06,19:23,19:34,19:46,20:01,20:17,20:35,20:54
MAROTS,06:08,06:27,06:52,07:08,07:29,07:44,07:59,08:14,08:27,08:42,08:58,09:14,09:30,09:46,10:02,10:18,10:34,10:50,11:06,11:22,11:38,11:54,12:10,12:26,12:41,12:56,13:12,13:28,13:44,14:01,14:18,14:35,14:52,15:09,15:26,15:42,15:57,16:13,16:30,16:47,17:03,17:19,17:36,17:53,18:09,18:25,18:41,18:59,19:15,19:31,19:42,19:54,20:09,20:25,20:43,21:02
LYCEE TECHNIQUE,05:48,06:09,06:30,06:49,07:02,07:15,07:32,07:43,07:56,08:11,08:26,08:42,08:57,09:12,09:28,09:44,10:00,10:16,10:32,10:48,11:04,11:20,11:36,11:53,12:09,12:25,12:42,12:58,13:11,13:26,13:44,14:00,14:16,14:32,14:49,15:07,15:24,15:41,15:58,16:14,16:30,16:46,17:02,17:18,17:34,17:51,18:08,18:24,18:40,18:56,19:12,19:26,19:41,19:56,20:19,20:34,20:50
TECHNOPOLE,05:50,06:11,06:32,06:51,07:04,07:17,07:34,07:45,07:59,08:14,08:29,08:45,09:00,09:15,09:31,09:47,10:03,10:19,10:35,10:51,11:07,11:23,11:39,11:56,12:12,12:28,12:45,13:01,13:14,13:29,13:47,14:03,14:19,14:35,14:52,15:10,15:27,15:44,16:01,16:17,16:33,16:49,17:05,17:21,17:37,17:54,18:11,18:27,18:43,18:59,19:15,19:29,19:44,19:59,20:22,20:37,20:53
TERRASSES,05:41,06:02,06:23,06:42,06:55,07:07,07:23,07:34,07:47,08:02,08:17,08:32,08:47,09:02,09:18,09:34,09:50,10:06,10:22,10:38,10:54,11:10,11:26,11:43,11:59,12:15,12:32,12:48,13:01,13:16,13:34,13:50,14:06,14:22,14:39,14:56,15:13,15:30,15:47,16:03,16:19,16:35,16:51,17:07,17:23,17:40,17:57,18:14,18:30,18:46,19:02,19:17,19:32,19:47,20:10,20:25,20:41
QUEBEC,05:52,06:13,06:35,06:54,07:07,07:20,07:37,07:48,08:02,08:17,08:32,08:48,09:03,09:18,09:34,09:50,10:06,10:22,10:38,10:54,11:10,11:26,11:42,11:59,12:15,12:31,12:48,13:04,13:17,13:32,13:50,14:06,14:22,14:38,14:55,15:13,15:30,15:47,16:04,16:20,16:36,16:52,17:08,17:24,17:40,17:57,18:14,18:30,18:46,19:02,19:18,19:32,19:47,20:02,20:25,20:40,20:56
CHARTREUX,05:54,06:15,06:37,06:56,07:09,07:22,07:39,07:50,08:04,08:19,08:35,08:51,09:05,09:20,09:36,09:52,10:08,10:24,10:40,10:56,11:12,11:29,11:45,12:02,12:18,12:34,12:51,13:07,13:20,13:35,13:53,14:09,14:25,14:41,14:58,15:16,15:33,15:50,16:07,16:23,16:39,16:55,17:11,17:27,17:43,18:00,18:17,18:33,18:49,19:04,19:20,19:34,19:49,20:04,20:27,20:42,20:58
PALISSY,06:05,06:24,06:49,07:05,07:26,07:41,07:56,08:11,08:24,08:39,08:55,09:11,09:27,09:43,09:59,10:15,10:31,10:47,11:03,11:19,11:35,11:51,12:07,12:23,12:38,12:53,13:09,13:25,13:41,13:58,14:15,14:32,14:49,15:06,15:23,15:39,15:54,16:10,16:27,16:44,17:00,17:16,17:33,17:50,18:06,18:22,18:38,18:56,19:12,19:28,19:39,19:51,20:06,20:22,20:40,20:59
J. MOULIN ARGENCE,05:37,05:58,06:18,06:37,06:50,07:02,07:18,07:29,07:40,07:55,08:10,08:25,08:40,08:55,09:11,09:27,09:43,09:59,10:15,10:31,10:47,11:03,11:19,11:35,11:51,12:07,12:23,12:39,12:54,13:09,13:25,13:41,13:57,14:14,14:31,14:48,15:05,15:22,15:39,15:55,16:11,16:27,16:43,16:59,17:15,17:32,17:49,18:06,18:22,18:38,18:54,19:10,19:26,19:41,19:52,20:04,20:19,20:35,20:52,21:10
POINCARE,05:39,06:00,06:21,06:40,06:53,07:05,07:21,07:32,07:44,07:59,08:14,08:29,08:44,08:59,09:15,09:31,09:47,10:03,10:19,10:35,10:51,11:07,11:23,11:40,11:56,12:12,12:29,12:45,12:58,13:13,13:31,13:47,14:03,14:19,14:36,14:53,15:10,15:27,15:44,16:00,16:16,16:32,16:48,17:04,17:20,17:37,17:54,18:11,18:27,18:43,18:59,19:14,19:30,19:45,20:08,20:23,20:39
C CIAL LA CHAPELLE,06:03,06:22,06:47,07:03,07:24,07:39,07:54,08:09,08:21,08:36,08:52,09:08,09:24,09:40,09:56,10:12,10:28,10:44,11:00,11:16,11:32,11:48,12:04,12:20,12:35,12:50,13:06,13:22,13:38,13:54,14:11,14:28,14:45,15:02,15:19,15:35,15:50,16:06,16:23,16:41,16:57,17:13,17:30,17:47,18:03,18:19,18:35,18:53,19:09,19:26,19:37,19:49,20:04,20:20,20:38,20:57
MASSENET,06:04,06:23,06:48,07:04,07:25,07:40,07:55,08:10,08:23,08:38,08:54,09:10,09:26,09:42,09:58,10:14,10:30,10:46,11:02,11:18,11:34,11:50,12:06,12:22,12:37,12:52,13:08,13:24,13:40,13:57,14:14,14:31,14:48,15:05,15:22,15:38,15:53,16:09,16:26,16:43,16:59,17:15,17:32,17:49,18:05,18:21,18:37,18:55,19:11,19:27,19:38,19:50,20:05,20:21,20:39,20:58
CLOS D ORVILLIERS,06:07,06:26,06:51,07:07,07:28,07:43,07:58,08:13,08:26,08:41,08:57,09:13,09:29,09:45,10:01,10:17,10:33,10:49,11:05,11:21,11:37,11:53,12:09,12:25,12:40,12:55,13:11,13:27,13:43,14:00,14:17,14:34,14:51,15:08,15:25,15:41,15:56,16:12,16:29,16:46,17:02,17:18,17:35,17:52,18:08,18:24,18:40,18:58,19:14,19:30,19:41,19:53,20:08,20:24,20:42,21:01
IUT,05:51,06:12,06:34,06:53,07:06,07:19,07:36,07:47,08:01,08:16,08:31,08:47,09:02,09:17,09:33,09:49,10:05,10:21,10:37,10:53,11:09,11:25,11:41,11:58,12:14,12:30,12:47,13:03,13:16,13:31,13:49,14:05,14:21,14:37,14:54,15:12,15:29,15:46,16:03,16:19,16:35,16:51,17:07,17:23,17:39,17:56,18:13,18:29,18:45,19:01,19:17,19:31,19:46,20:01,20:24,20:39,20:55
CHANTEREIGNE,05:59,06:18,06:43,06:59,07:20,07:35,07:50,08:05,08:17,08:32,08:48,09:04,09:20,09:36,09:52,10:08,10:24,10:40,10:56,11:12,11:28,11:44,12:00,12:16,12:31,12:46,13:02,13:18,13:34,13:50,14:07,14:24,14:41,14:58,15:15,15:31,15:46,16:02,16:19,16:37,16:53,17:09,17:26,17:43,17:59,18:15,18:31,18:49,19:05,19:22,19:33,19:45,20:00,20:16,20:34,20:53
LOMBARDS,05:47,06:08,06:29,06:48,07:01,07:14,07:31,07:42,07:55,08:10,08:25,08:41,08:56,09:11,09:27,09:43,09:59,10:15,10:31,10:47,11:03,11:19,11:35,11:52,12:08,12:24,12:41,12:57,13:10,13:25,13:43,13:59,14:15,14:31,14:48,15:06,15:23,15:40,15:57,16:13,16:29,16:45,17:01,17:17,17:33,17:50,18:07,18:23,18:39,18:55,19:11,19:25,19:40,19:55,20:18,20:33,20:49
CROUS,05:51,06:12,06:33,06:52,07:05,07:18,07:35,07:46,08:00,08:15,08:30,08:46,09:01,09:16,09:32,09:48,10:04,10:20,10:36,10:52,11:08,11:24,11:40,11:57,12:13,12:29,12:46,13:02,13:15,13:30,13:48,14:04,14:20,14:36,14:53,15:11,15:28,15:45,16:02,16:18,16:34,16:50,17:06,17:22,17:38,17:55,18:12,18:28,18:44,19:00,19:16,19:30,19:45,20:00,20:23,20:38,20:54
DELAUNAY,06:14,06:33,06:58,07:14,07:35,07:50,08:05,08:20,08:35,08:50,09:06,09:22,09:38,09:54,10:10,10:26,10:42,10:58,11:14,11:30,11:46,12:02,12:18,12:34,12:49,13:04,13:20,13:36,13:52,14:09,14:26,14:43,15:00,15:17,15:34,15:50,16:05,16:21,16:38,16:54,17:10,17:27,17:44,18:01,18:17,18:33,18:49,19:05,19:21,19:37,19:48,20:00,20:15,20:31,20:48,21:06
CAF,06:15,06:34,06:59,07:15,07:36,07:51,08:06,08:21,08:36,08:51,09:07,09:23,09:39,09:55,10:11,10:27,10:43,10:59,11:15,11:31,11:47,12:03,12:19,12:35,12:50,13:05,13:21,13:37,13:53,14:10,14:27,14:44,15:01,15:18,15:35,15:51,16:06,16:22,16:39,16:55,17:11,17:28,17:45,18:02,18:18,18:34,18:50,19:06,19:22,19:38,19:49,20:01,20:16,20:32,20:49,21:07
GAGNAGE,06:04,06:23,06:48,07:04,07:25,07:40,07:55,08:10,08:22,08:37,08:53,09:09,09:25,09:41,09:57,10:13,10:29,10:45,11:01,11:17,11:33,11:49,12:05,12:21,12:36,12:51,13:07,13:23,13:39,13:56,14:13,14:30,14:47,15:04,15:21,15:37,15:52,16:08,16:25,16:42,16:58,17:14,17:31,17:48,18:04,18:20,18:36,18:54,19:10,19:27,19:38,19:50,20:05,20:21,20:39,20:58
CHAMPAGNE,05:52,06:13,06:35,06:54,07:07,07:20,07:37,07:48,08:02,08:17,08:33,08:49,09:03,09:18,09:34,09:50,10:06,10:22,10:38,10:54,11:10,11:27,11:43,12:00,12:16,12:32,12:49,13:05,13:18,13:33,13:51,14:07,14:23,14:39,14:56,15:14,15:31,15:48,16:05,16:21,16:37,16:53,17:09,17:25,17:41,17:58,18:15,18:31,18:47,19:02,19:18,19:32,19:47,20:02,20:25,20:40,20:56
GILLON,05:43,06:04,06:25,06:44,06:57,07:10,07:26,07:37,07:50,08:05,08:20,08:35,08:50,09:05,09:21,09:37,09:53,10:09,10:25,10:41,10:57,11:13,11:29,11:46,12:02,12:18,12:35,12:51,13:04,13:19,13:37,13:53,14:09,14:25,14:42,15:00,15:17,15:34,15:51,16:07,16:23,16:39,16:55,17:11,17:27,17:44,18:01,18:17,18:33,18:49,19:05,19:20,19:35,19:50,20:13,20:28,20:44
MARNE,05:47,06:08,06:29,06:48,07:01,07:14,07:31,07:42,07:55,08:10,08:25,08:41,08:56,09:11,09:27,09:43,09:59,10:15,10:31,10:47,11:03,11:19,11:35,11:52,12:08,12:24,12:41,12:57,13:10,13:25,13:43,13:59,14:15,14:31,14:48,15:06,15:23,15:40,15:57,16:13,16:29,16:45,17:01,17:17,17:33,17:50,18:07,18:23,18:39,18:55,19:11,19:25,19:40,19:55,20:18,20:33,20:49
DARSONVAL,06:01,06:20,06:45,07:01,07:22,07:37,07:52,08:07,08:19,08:34,08:50,09:06,09:22,09:38,09:54,10:10,10:26,10:42,10:58,11:14,11:30,11:46,12:02,12:18,12:33,12:48,13:04,13:20,13:36,13:52,14:09,14:26,14:43,15:00,15:17,15:33,15:48,16:04,16:21,16:39,16:55,17:11,17:28,17:45,18:01,18:17,18:33,18:51,19:07,19:24,19:35,19:47,20:02,20:18,20:36,20:55
MADAGASCAR,05:42,06:03,06:24,06:43,06:56,07:09,07:25,07:36,07:49,08:04,08:19,08:34,08:49,09:04,09:20,09:36,09:52,10:08,10:24,10:40,10:56,11:12,11:28,11:45,12:01,12:17,12:34,12:50,13:03,13:18,13:36,13:52,14:08,14:24,14:41,14:59,15:16,15:33,15:50,16:06,16:22,16:38,16:54,17:10,17:26,17:43,18:00,18:16,18:32,18:48,19:04,19:19,19:34,19:49,20:12,20:27,20:43
VERDUN,05:44,06:05,06:26,06:45,06:58,07:11,07:28,07:39,07:51,08:06,08:21,08:37,08:52,09:07,09:23,09:39,09:55,10:11,10:27,10:43,10:59,11:15,11:31,11:48,12:04,12:20,12:37,12:53,13:06,13:21,13:39,13:55,14:11,14:27,14:44,15:02,15:19,15:36,15:53,16:09,16:25,16:41,16:57,17:13,17:29,17:46,18:03,18:19,18:35,18:51,19:07,19:21,19:37,19:52,20:15,20:30,20:46
BEURNONVILLE,05:40,06:01,06:22,06:41,06:54,07:06,07:22,07:33,07:45,08:00,08:15,08:30,08:45,09:00,09:16,09:32,09:48,10:04,10:20,10:36,10:52,11:08,11:24,11:41,11:57,12:13,12:30,12:46,12:59,13:14,13:32,13:48,14:04,14:20,14:37,14:55,15:12,15:29,15:46,16:02,16:18,16:34,16:50,17:06,17:22,17:39,17:56,18:12,18:28,18:44,19:00,19:15,19:31,19:46,20:09,20:24,20:40
BLANQUI CLINIQUE,06:11,06:30,06:55,07:11,07:32,07:47,08:02,08:17,08:31,08:46,09:02,09:18,09:34,09:50,10:06,10:22,10:38,10:54,11:10,11:26,11:42,11:58,12:14,12:30,12:45,13:00,13:16,13:32,13:48,14:05,14:22,14:39,14:56,15:13,15:30,15:46,16:01,16:17,16:34,16:50,17:06,17:23,17:40,17:57,18:13,18:29,18:45,19:02,19:18,19:34,19:45,19:57,20:12,20:28,20:45,21:04
MONT ST LOUP,05:59,06:18,06:43,06:59,07:20,07:35,07:50,08:05,08:17,08:32,08:48,09:04,09:20,09:36,09:52,10:08,10:24,10:40,10:56,11:12,11:28,11:44,12:00,12:16,12:31,12:46,13:02,13:18,13:34,13:50,14:07,14:24,14:41,14:58,15:15,15:31,15:46,16:02,16:19,16:37,16:53,17:09,17:26,17:43,17:59,18:15,18:31,18:49,19:05,19:22,19:33,19:45,20:00,20:16,20:34,20:53
DE VLAMINCK,06:10,06:29,06:54,07:10,07:31,07:46,08:01,08:16,08:29,08:44,09:00,09:16,09:32,09:48,10:04,10:20,10:36,10:52,11:08,11:24,11:40,11:56,12:12,12:28,12:43,12:58,13:14,13:30,13:46,14:03,14:20,14:37,14:54,15:11,15:28,15:44,15:59,16:15,16:32,16:49,17:05,17:21,17:38,17:55,18:11,18:27,18:43,19:01,19:17,19:33,19:44,19:56,20:11,20:27,20:44,21:03
HERRIOT,05:45,06:06,06:27,06:46,06:59,07:12,07:29,07:40,07:52,08:07,08:22,08:38,08:53,09:08,09:24,09:40,09:56,10:12,10:28,10:44,11:00,11:16,11:32,11:49,12:05,12:21,12:38,12:54,13:07,13:22,13:40,13:56,14:12,14:28,14:45,15:03,15:20,15:37,15:54,16:10,16:26,16:42,16:58,17:14,17:30,17:47,18:04,18:20,18:36,18:52,19:08,19:22,19:38,19:53,20:16,20:31,20:47
FOCH,05:37,05:58,06:19,06:38,06:51,07:03,07:19,07:30,07:41,07:56,08:11,08:26,08:41,08:56,09:12,09:28,09:44,10:00,10:16,10:32,10:48,11:04,11:20,11:37,11:53,12:09,12:25,12:41,12:55,13:10,13:27,13:43,13:59,14:16,14:33,14:50,15:07,15:24,15:41,15:57,16:13,16:29,16:45,17:01,17:17,17:34,17:51,18:08,18:24,18:40,18:56,19:11,19:27,19:42,20:05,20:20,20:36
HAUTS CLOS,05:46,06:07,06:28,06:47,07:00,07:13,07:29,07:40,07:53,08:08,08:23,08:39,08:54,09:09,09:25,09:41,09:57,10:13,10:29,10:45,11:01,11:17,11:33,11:50,12:06,12:22,12:39,12:55,13:08,13:23,13:41,13:57,14:13,14:29,14:46,15:04,15:21,15:38,15:55,16:11,16:27,16:43,16:59,17:15,17:31,17:48,18:05,18:21,18:37,18:53,19:09,19:23,19:38,19:53,20:16,20:31,20:47
GUERARDE,06:12,06:31,06:56,07:12,07:34,07:49,08:04,08:19,08:33,08:48,09:04,09:20,09:36,09:52,10:08,10:24,10:40,10:56,11:12,11:28,11:44,12:00,12:16,12:32,12:47,13:02,13:18,13:34,13:50,14:07,14:24,14:41,14:58,15:15,15:32,15:48,16:03,16:19,16:36,16:52,17:08,17:25,17:42,17:59,18:15,18:31,18:47,19:04,19:20,19:35,19:46,19:58,20:13,20:29,20:47,21:05
