TANNERIES,06:16,06:35,07:00,07:18,07:35,07:50,08:05,08:20,08:35,08:50,09:05,09:20,09:35,09:50,10:05,10:21,10:37,10:53,11:10,11:27,11:44,12:01,12:17,12:33,12:49,13:05,13:21,13:37,13:53,14:09,14:25,14:41,14:57,15:13,15:29,15:46,16:03,16:20,16:37,16:54,17:11,17:27,17:43,17:59,18:15,18:31,18:47,19:03,19:18,19:33,19:48,20:04,20:14,20:25,20:45,21:01,21:16
MASSON,06:03,06:22,06:47,07:05,07:21,07:36,07:51,08:06,08:21,08:36,08:50,09:05,09:20,09:34,09:49,10:04,10:20,10:36,10:52,11:09,11:26,11:43,11:59,12:15,12:31,12:48,13:04,13:20,13:36,13:51,14:07,14:23,14:39,14:55,15:11,15:28,15:44,16:01,16:18,16:35,16:52,17:09,17:25,17:41,17:57,18:14,18:30,18:46,19:04,19:19,19:34,19:50,20:02,20:13,20:34,20:50,21:05
ST MARTIN,05:44,06:03,06:22,06:41,06:54,07:07,07:26,07:43,07:57,08:12,08:29,08:44,08:59,09:14,09:29,09:44,09:59,10:14,10:30,10:46,11:02,11:19,11:36,11:53,12:10,12:26,12:42,12:58,13:14,13:30,13:46,14:02,14:18,14:34,14:50,15:06,15:22,15:38,15:55,16:12,16:29,16:47,17:04,17:21,17:37,17:52,18:08,18:24,18:40,18:56,19:12,19:27,19:42,19:57,20:12,20:33
LACOSTE,05:45,06:04,06:23,06:42,06:55,07:08,07:27,07:44,07:58,08:13,08:30,08:45,09:00,09:15,09:30,09:45,10:00,10:15,10:32,10:48,11:04,11:21,11:38,11:55,12:12,12:28,12:43,12:59,13:15,13:31,13:48,14:04,14:20,14:36,14:52,15:08,15:24,15:40,15:57,16:14,16:31,16:48,17:05,17:22,17:38,17:54,18:10,18:26,18:42,18:58,19:13,19:28,19:43,19:58,20:13,20:34
RENOIR,05:53,06:12,06:31,06:52,07:05,07:18,07:37,07:55,08:09,08:24,08:42,08:57,09:12,09:27,09:42,09:58,10:13,10:28,10:45,11:01,11:17,11:34,11:51,12:08,12:25,12:41,12:56,13:12,13:28,13:44,14:01,14:17,14:33,14:49,15:05,15:21,15:37,15:53,16:10,16:27,16:44,17:02,17:19,17:36,17:52,18:07,18:23,18:39,18:55,19:11,19:26,19:41,19:56,20:11,20:26,20:45
MAROTS,05:48,06:07,06:26,06:46,06:59,07:12,07:31,07:48,08:02,08:17,08:35,08:50,09:05,09:20,09:35,09:50,10:05,10:20,10:37,10:53,11:09,11:26,11:43,12:00,12:17,12:33,12:48,13:04,13:20,13:36,13:53,14:09,14:25,14:41,14:57,15:13,15:29,15:45,16:02,16:19,16:36,16:54,17:11,17:28,17:44,17:59,18:15,18:31,18:47,19:03,19:18,19:33,19:48,20:03,20:18,20:38
LYCEE TECHNIQUE,06:04,06:23,06:48,07:06,07:22,07:37,07:52,08:07,08:22,08:37,08:52,09:07,09:22,09:36,09:51,10:06,10:22,10:38,10:54,11:11,11:28,11:45,12:01,12:17,12:33,12:50,13:06,13:22,13:38,13:53,14:09,14:25,14:41,14:57,15:13,15:30,15:46,16:03,16:20,16:37,16:54,17:11,17:27,17:43,17:59,18:16,18:32,18:48,19:05,19:20,19:35,19:51,20:03,20:14,20:35,20:51,21:06
TECHNOPOLE,06:02,06:21,06:46,07:04,07:20,07:35,07:50,08:05,08:20,08:35,08:49,09:04,09:19,09:33,09:48,10:03,10:19,10:35,10:51,11:08,11:25,11:42,11:58,12:14,12:30,12:47,13:03,13:19,13:35,13:50,14:06,14:22,14:38,14:54,15:10,15:27,15:43,16:00,16:17,16:34,16:51,17:08,17:24,17:40,17:56,18:13,18:29,18:45,19:03,19:18,19:33,19:49,20:01,20:12,20:33,20:49,21:04
TERRASSES,06:12,06:31,06:56,07:14,07:31,07:47,08:02,08:17,08:32,08:47,09:02,09:17,09:32,09:46,10:01,10:17,10:33,10:49,11:05,11:22,11:39,11:56,12:12,12:28,12:44,13:01,13:17,13:33,13:49,14:04,14:20,14:36,14:52,15:08,15:24,15:41,15:58,16:15,16:32,16:49,17:06,17:22,17:38,17:54,18:10,18:27,18:43,18:59,19:15,19:30,19:45,20:00,20:11,20:22,20:42,20:58,21:13
QUEBEC,06:00,06:19,06:44,07:01,07:17,07:32,07:47,08:02,08:17,08:32,08:46,09:01,09:16,09:30,09:45,10:00,10:16,10:32,10:48,11:05,11:22,11:39,11:55,12:11,12:27,12:44,13:00,13:15,13:31,13:46,14:02,14:18,14:34,14:50,15:06,15:23,15:39,15:56,16:13,16:30,16:47,17:04,17:20,17:37,17:53,18:10,18:26,18:42,19:00,19:15,19:30,19:47,19:59,20:10,20:31,20:47,21:02
CHARTREUX,05:59,06:18,06:43,07:00,07:16,07:31,07:46,08:01,08:16,08:31,08:45,09:00,09:15,09:29,09:44,09:59,10:15,10:31,10:47,11:04,11:21,11:38,11:54,12:10,12:26,12:43,12:59,13:14,13:30,13:45,14:01,14:17,14:33,14:49,15:05,15:22,15:38,15:55,16:12,16:29,16:46,17:03,17:19,17:36,17:52,18:09,18:25,18:41,18:59,19:14,19:29,19:46,19:58,20:09,20:30,20:46,21:01
PALISSY,05:49,06:08,06:27,06:47,07:00,07:13,07:32,07:50,08:04,08:19,08:37,08:52,09:07,09:22,09:37,09:52,10:07,10:22,10:39,10:55,11:11,11:28,11:45,12:02,12:19,12:35,12:50,13:06,13:22,13:38,13:55,14:11,14:27,14:43,14:59,15:15,15:31,15:47,16:04,16:21,16:38,16:56,17:13,17:30,17:46,18:01,18:17,18:33,18:49,19:05,19:20,19:35,19:50,20:05,20:20,20:40
PALAIS DE JUSTICE,05:41,06:00,06:19,06:38,06:51,07:03,07:21,07:38,07:54,08:09,08:24,08:39,08:54,09:09,09:24,09:39,09:54,10:09,10:25,10:41,10:57,11:14,11:31,11:48,12:05,12:21,12:37,12:53,13:09,13:25,13:41,13:57,14:13,14:29,14:45,15:01,15:17,15:33,15:50,16:07,16:24,16:41,16:58,17:15,17:31,17:47,18:03,18:19,18:35,18:51,19:07,19:22,19:37,19:52,20:07,20:28
POINCARE,06:15,06:34,06:59,07:17,07:34,07:49,08:04,08:19,08:34,08:49,09:04,09:19,09:34,09:49,10:04,10:20,10:36,10:52,11:09,11:26,11:43,12:00,12:16,12:32,12:48,13:04,13:20,13:36,13:52,14:08,14:24,14:40,14:56,15:12,15:28,15:45,16:01,16:18,16:35,16:52,17:09,17:26,17:42,17:58,18:14,18:30,18:46,19:02,19:17,19:32,19:47,20:03,20:13,20:24,20:44,21:00,21:15
HALLE,05:40,05:59,06:18,06:37,06:50,07:02,07:20,07:37,07:53,08:08,08:23,08:38,08:53,09:08,09:23,09:38,09:53,10:08,10:24,10:40,10:56,11:13,11:30,11:47,12:04,12:20,12:36,12:52,13:08,13:24,13:40,13:56,14:12,14:28,14:44,15:00,15:16,15:32,15:49,16:06,16:23,16:40,16:57,17:14,17:30,17:46,18:02,18:18,18:34,18:50,19:06,19:21,19:36,19:51,20:06,20:16,20:27,20:47,21:03,21:18
C CIAL LA CHAPELLE,05:51,06:10,06:29,06:50,07:03,07:16,07:35,07:52,08:06,08:21,08:39,08:54,09:09,09:24,09:39,09:55,10:10,10:25,10:42,10:58,11:14,11:31,11:48,12:05,12:22,12:38,12:53,13:09,13:25,13:41,13:58,14:14,14:30,14:46,15:02,15:18,15:34,15:50,16:07,16:24,16:41,16:59,17:16,17:33,17:49,18:04,18:20,18:36,18:52,19:08,19:23,19:38,19:53,20:08,20:23,20:42
MASSENET,05:50,06:09,06:28,06:48,07:01,07:14,07:33,07:50,08:04,08:19,08:37,08:52,09:07,09:22,09:37,09:53,10:08,10:23,10:40,10:56,11:12,11:29,11:46,12:03,12:20,12:36,12:51,13:07,13:23,13:39,13:56,14:12,14:28,14:44,15:00,15:16,15:32,15:48,16:05,16:22,16:39,16:57,17:14,17:31,17:47,18:02,18:18,18:34,18:50,19:06,19:21,19:36,19:51,20:06,20:21,20:40
CLOS D ORVILLIERS,05:48,06:07,06:26,06:46,06:59,07:12,07:31,07:48,08:02,08:17,08:35,08:50,09:05,09:20,09:35,09:50,10:05,10:20,10:37,10:53,11:09,11:26,11:43,12:00,12:17,12:33,12:48,13:04,13:20,13:36,13:53,14:09,14:25,14:41,14:57,15:13,15:29,15:45,16:02,16:19,16:36,16:54,17:11,17:28,17:44,17:59,18:15,18:31,18:47,19:03,19:18,19:33,19:48,20:03,20:18,20:38
IUT,06:00,06:19,06:44,07:02,07:18,07:33,07:48,08:03,08:18,08:33,08:47,09:02,09:17,09:31,09:46,10:01,10:17,10:33,10:49,11:06,11:23,11:40,11:56,12:12,12:28,12:45,13:01,13:16,13:32,13:47,14:03,14:19,14:35,14:51,15:07,15:24,15:40,15:57,16:14,16:31,16:48,17:05,17:21,17:38,17:54,18:11,18:27,18:43,19:01,19:16,19:31,19:47,19:59,20:10,20:31,20:47,21:02
CHANTEREIGNE,05:54,06:13,06:32,06:53,07:06,07:19,07:38,07:56,08:10,08:25,08:43,08:58,09:13,09:28,09:43,09:59,10:14,10:29,10:46,11:02,11:18,11:35,11:52,12:09,12:26,12:42,12:57,13:13,13:29,13:45,14:02,14:18,14:34,14:50,15:06,15:22,15:38,15:54,16:11,16:28,16:45,17:03,17:20,17:37,17:53,18:08,18:24,18:40,18:56,19:12,19:27,19:42,19:57,20:12,20:27,20:46
GAGNAGE,05:50,06:09,06:28,06:49,07:02,07:15,07:34,07:51,08:05,08:20,08:38,08:53,09:08,09:23,09:38,09:54,10:09,10:24,10:41,10:57,11:13,11:30,11:47,12:04,12:21,12:37,12:52,13:08,13:24,13:40,13:57,14:13,14:29,14:45,15:01,15:17,15:33,15:49,16:06,16:23,16:40,16:58,17:15,17:32,17:48,18:03,18:19,18:35,18:51,19:07,19:22,19:37,19:52,20:07,20:22,20:41
LOMBARDS,06:06,06:25,06:50,07:08,07:24,07:39,07:54,08:09,08:24,08:39,08:54,09:09,09:24,09:38,09:53,10:08,10:24,10:40,10:56,11:13,11:30,11:47,12:03,12:19,12:35,12:52,13:08,13:24,13:40,13:55,14:11,14:27,14:43,14:59,15:15,15:32,15:48,16:05,16:22,16:39,16:56,17:13,17:29,17:45,18:01,18:18,18:34,18:50,19:07,19:22,19:37,19:53,20:05,20:16,20:37,20:53,21:08
CROUS,06:01,06:20,06:45,07:02,07:18,07:33,07:48,08:03,08:18,08:33,08:47,09:02,09:17,09:31,09:46,10:01,10:17,10:33,10:49,11:06,11:23,11:40,11:56,12:12,12:28,12:45,13:01,13:17,13:33,13:48,14:04,14:20,14:36,14:52,15:08,15:25,15:41,15:58,16:15,16:32,16:49,17:06,17:22,17:38,17:54,18:11,18:27,18:43,19:01,19:16,19:31,19:48,20:00,20:11,20:32,20:48,21:03
DELAUNAY,05:43,06:02,06:21,06:40,06:53,07:06,07:25,07:42,07:56,08:11,08:28,08:43,08:58,09:13,09:28,09:43,09:58,10:13,10:29,10:45,11:01,11:18,11:35,11:52,12:09,12:25,12:41,12:57,13:13,13:29,13:45,14:01,14:17,14:33,14:49,15:05,15:21,15:37,15:54,16:11,16:28,16:46,17:03,17:20,17:36,17:51,18:07,18:23,18:39,18:55,19:11,19:26,19:41,19:56,20:11,20:32
CAF,05:43,06:02,06:21,06:40,06:53,07:06,07:24,07:41,07:56,08:11,08:27,08:42,08:57,09:12,09:27,09:42,09:57,10:12,10:28,10:44,11:00,11:17,11:34,11:51,12:08,12:24,12:40,12:56,13:12,13:28,13:44,14:00,14:16,14:32,14:48,15:04,15:20,15:36,15:53,16:10,16:27,16:45,17:02,17:19,17:35,17:50,18:06,18:22,18:38,18:54,19:10,19:25,19:40,19:55,20:10,20:31
GARE JARDINS,05:42,06:01,06:20,06:39,06:52,07:05,07:23,07:40,07:55,08:10,08:26,08:41,08:56,09:11,09:26,09:41,09:56,10:11,10:27,10:43,10:59,11:16,11:33,11:50,12:07,12:23,12:39,12:55,13:11,13:27,13:43,13:59,14:15,14:31,14:47,15:03,15:19,15:35,15:52,16:09,16:26,16:43,17:00,17:17,17:33,17:49,18:05,18:21,18:37,18:53,19:09,19:24,19:39,19:54,20:09,20:30
CHAMPAGNE,05:59,06:18,06:43,07:00,07:16,07:31,07:46,08:01,08:16,08:31,08:45,09:00,09:15,09:29,09:44,09:59,10:15,10:31,10:47,11:04,11:21,11:38,11:54,12:10,12:26,12:43,12:59,13:15,13:31,13:46,14:02,14:18,14:34,14:50,15:06,15:23,15:39,15:56,16:13,16:30,16:47,17:04,17:20,17:36,17:52,18:09,18:25,18:41,18:59,19:14,19:29,19:46,19:58,20:09,20:30,20:46,21:01
GILLON,06:10,06:29,06:54,07:12,07:28,07:44,07:59,08:14,08:29,08:44,08:59,09:14,09:29,09:43,09:58,10:14,10:30,10:46,11:02,11:19,11:36,11:53,12:09,12:25,12:41,12:58,13:14,13:30,13:46,14:01,14:17,14:33,14:49,15:05,15:21,15:38,15:54,16:11,16:28,16:45,17:02,17:19,17:35,17:51,18:07,18:24,18:40,18:56,19:12,19:27,19:42,19:57,20:09,20:20,20:40,20:56,21:11
MARNE,06:04,06:23,06:48,07:06,07:22,07:37,07:52,08:07,08:22,08:37,08:52,09:07,09:22,09:36,09:51,10:06,10:22,10:38,10:54,11:11,11:28,11:45,12:01,12:17,12:33,12:50,13:06,13:22,13:38,13:53,14:09,14:25,14:41,14:57,15:13,15:30,15:46,16:03,16:20,16:37,16:54,17:11,17:27,17:43,17:59,18:16,18:32,18:48,19:05,19:20,19:35,19:51,20:03,20:14,20:35,20:51,21:06
DARSONVAL,05:53,06:12,06:31,06:51,07:04,07:17,07:36,07:54,08:08,08:23,08:41,08:56,09:11,09:26,09:41,09:57,10:12,10:27,10:44,11:00,11:16,11:33,11:50,12:07,12:24,12:40,12:55,13:11,13:27,13:43,14:00,14:16,14:32,14:48,15:04,15:20,15:36,15:52,16:09,16:26,16:43,17:01,17:18,17:35,17:51,18:06,18:22,18:38,18:54,19:10,19:25,19:40,19:55,20:10,20:25,20:44
MADAGASCAR,06:11,06:30,06:55,07:13,07:29,07:45,08:00,08:15,08:30,08:45,09:00,09:15,09:30,09:44,09:59,10:14,10:30,10:46,11:03,11:20,11:37,11:54,12:10,12:26,12:42,12:58,13:14,13:30,13:46,14:02,14:18,14:34,14:50,15:06,15:22,15:39,15:55,16:12,16:29,16:46,17:03,17:20,17:36,17:52,18:08,18:24,18:40,18:56,19:13,19:28,19:43,19:58,20:09,20:20,20:41,20:57,21:12
VERDUN,06:09,06:28,06:53,07:11,07:27,07:43,07:58,08:13,08:28,08:43,08:58,09:13,09:28,09:42,09:57,10:12,10:28,10:44,11:00,11:17,11:34,11:51,12:07,12:23,12:39,12:56,13:12,13:28,13:44,13:59,14:15,14:31,14:47,15:03,15:19,15:36,15:53,16:10,16:27,16:44,17:01,17:17,17:33,17:49,18:05,18:22,18:38,18:54,19:11,19:26,19:41,19:56,20:08,20:19,20:39,20:55,21:10
BEURNONVILLE,06:14,06:33,06:58,07:16,07:32,07:48,08:03,08:18,08:33,08:48,09:03,09:18,09:33,09:48,10:03,10:18,10:34,10:50,11:07,11:24,11:41,11:58,12:14,12:30,12:46,13:02,13:18,13:34,13:50,14:06,14:22,14:38,14:54,15:10,15:26,15:43,16:00,16:17,16:34,16:51,17:08,17:24,17:40,17:56,18:12,18:28,18:44,19:00,19:16,19:31,19:46,20:01,20:12,20:23,20:43,20:59,21:14
BLANQUI CLINIQUE,05:46,06:05,06:24,06:43,06:56,07:09,07:28,07:45,07:59,08:14,08:32,08:47,09:02,09:17,09:32,09:47,10:02,10:17,10:33,10:49,11:05,11:22,11:39,11:56,12:13,12:29,12:45,13:01,13:17,13:33,13:49,14:05,14:21,14:37,14:53,15:09,15:25,15:41,15:58,16:15,16:32,16:50,17:07,17:24,17:40,17:55,18:11,18:27,18:43,18:59,19:15,19:30,19:45,20:00,20:15,20:35
LANGEVIN,06:16,06:35,07:00,07:18,07:35,07:51,08:06,08:21,08:36,08:51,09:06,09:21,09:36,09:51,10:06,10:22,10:38,10:54,11:11,11:28,11:45,12:02,12:18,12:34,12:50,13:06,13:22,13:38,13:54,14:10,14:26,14:42,14:58,15:14,15:30,15:47,16:03,16:20,16:37,16:54,17:11,17:28,17:44,18:00,18:16,18:32,18:48,19:04,19:19,19:34,19:49,20:04,20:14,20:25,20:45,21:01,21:16
DE VLAMINCK,05:46,06:05,06:24,06:44,06:57,07:10,07:29,07:46,08:00,08:15,08:32,08:47,09:02,09:17,09:32,09:47,10:02,10:17,10:34,10:50,11:06,11:23,11:40,11:57,12:14,12:30,12:45,13:01,13:17,13:33,13:50,14:06,14:22,14:38,14:54,15:10,15:26,15:42,15:59,16:16,16:33,16:51,17:08,17:25,17:41,17:56,18:12,18:28,18:44,19:00,19:15,19:30,19:45,20:00,20:15,20:36
HERRIOT,06:08,06:27,06:52,07:10,07:26,07:41,07:56,08:11,08:26,08:41,08:56,09:11,09:26,09:40,09:55,10:11,10:27,10:43,10:59,11:16,11:33,11:50,12:06,12:22,12:38,12:55,13:11,13:27,13:43,13:58,14:14,14:30,14:46,15:02,15:18,15:35,15:51,16:08,16:25,16:42,16:59,17:16,17:32,17:48,18:04,18:21,18:37,18:53,19:09,19:24,19:39,19:55,20:07,20:18,20:38,20:54,21:09
HAUTS CLOS,06:07,06:26,06:51,07:09,07:25,07:40,07:55,08:10,08:25,08:40,08:55,09:10,09:25,09:39,09:54,10:09,10:25,10:41,10:57,11:14,11:31,11:48,12:04,12:20,12:36,12:53,13:09,13:25,13:41,13:56,14:12,14:28,14:44,15:00,15:16,15:33,15:49,16:06,16:23,16:40,16:57,17:14,17:30,17:46,18:02,18:19,18:35,18:51,19:08,19:23,19:38,19:54,20:06,20:17,20:38,20:54,21:09
GUERARDE,05:44,06:03,06:22,06:42,06:55,07:08,07:26,07:43,07:58,08:13,08:30,08:45,09:00,09:15,09:30,09:45,10:00,10:15,10:31,10:47,11:03,11:20,11:37,11:54,12:11,12:27,12:43,12:59,13:15,13:31,13:47,14:03,14:19,14:35,14:51,15:07,15:23,15:39,15:56,16:13,16:30,16:48,17:05,17:22,17:38,17:53,18:09,18:25,18:41,18:57,19:13,19:28,19:43,19:58,20:13,20:33
